category,AP-det,AP-loc,P-AUROC,I-AUROC,AUPRO,seg-AP-det,seg-I-AUROC,run_id
screw,0.9744637608528137,0.2928566336631775,0.9909498691558838,0.9210903644561768,0.9533475041389465,0.9694636464118958,0.9169912338256836,0
