time;throughput;memory;tflops
8.895991188066546;267.4922270098722;325.05856;56.307091224
