time;throughput;memory;tflops
10.197213177161757;222.42459172889662;325.05856;56.307091224
